Source,Target,Type,Id,Label,timeset,Weight
0,1,Directed,0,,,1
0,2,Directed,1,,,2
0,3,Directed,2,,,1
0,4,Directed,3,,,2
0,5,Directed,4,,,1
0,6,Directed,5,,,6
0,7,Directed,6,,,6
0,8,Directed,7,,,1
0,9,Directed,8,,,4
1,10,Directed,9,,,1
1,115,Directed,10,,,1
1,12,Directed,11,,,2
1,84,Directed,12,,,3
1,129,Directed,13,,,1
1,7,Directed,14,,,2
1,130,Directed,15,,,12
1,131,Directed,16,,,1
1,72,Directed,17,,,2
1,74,Directed,18,,,1
2,67,Directed,19,,,1
2,151,Directed,20,,,1
2,152,Directed,21,,,4
2,153,Directed,22,,,9
2,154,Directed,23,,,3
2,155,Directed,24,,,2
2,156,Directed,25,,,2
2,157,Directed,26,,,4
2,158,Directed,27,,,2
2,12,Directed,28,,,3
2,86,Directed,29,,,2
2,118,Directed,30,,,2
2,4,Directed,31,,,4
2,159,Directed,32,,,4
2,160,Directed,33,,,4
2,161,Directed,34,,,9
2,162,Directed,35,,,12
2,163,Directed,36,,,9
2,164,Directed,37,,,2
2,165,Directed,38,,,7
2,166,Directed,39,,,14
2,167,Directed,40,,,5
2,168,Directed,41,,,2
2,169,Directed,42,,,2
2,184,Directed,43,,,5
2,185,Directed,44,,,2
2,125,Directed,45,,,28
2,8,Directed,46,,,1
2,173,Directed,47,,,1
2,186,Directed,48,,,2
2,175,Directed,49,,,10
2,176,Directed,50,,,14
2,177,Directed,51,,,2
2,178,Directed,52,,,3
2,179,Directed,53,,,4
2,180,Directed,54,,,4
2,181,Directed,55,,,6
2,182,Directed,56,,,4
2,183,Directed,57,,,2
3,151,Directed,58,,,5
3,154,Directed,59,,,2
3,155,Directed,60,,,1
3,12,Directed,61,,,44
3,117,Directed,62,,,1
3,159,Directed,63,,,12
3,160,Directed,64,,,6
3,161,Directed,65,,,4
3,162,Directed,66,,,1
3,168,Directed,67,,,2
3,195,Directed,68,,,1
3,125,Directed,69,,,1
3,173,Directed,70,,,8
3,186,Directed,71,,,17
3,196,Directed,72,,,6
3,178,Directed,73,,,2
3,179,Directed,74,,,5
3,180,Directed,75,,,1
3,182,Directed,76,,,1
3,197,Directed,77,,,1
3,189,Directed,78,,,1
4,151,Directed,79,,,5
4,154,Directed,80,,,2
4,155,Directed,81,,,1
4,2,Directed,82,,,44
4,118,Directed,83,,,1
4,159,Directed,84,,,12
4,160,Directed,85,,,6
4,161,Directed,86,,,4
4,162,Directed,87,,,1
4,168,Directed,88,,,2
4,195,Directed,89,,,1
4,172,Directed,90,,,1
4,173,Directed,91,,,8
4,174,Directed,92,,,17
4,196,Directed,93,,,6
4,178,Directed,94,,,2
4,179,Directed,95,,,5
4,180,Directed,96,,,1
4,182,Directed,97,,,1
4,197,Directed,98,,,1
4,189,Directed,99,,,1
5,10,Directed,100,,,1
5,11,Directed,101,,,1
5,12,Directed,102,,,3
5,3,Directed,103,,,4
5,13,Directed,104,,,4
5,14,Directed,105,,,4
5,8,Directed,106,,,7
6,27,Directed,107,,,1
6,50,Directed,108,,,1
6,34,Directed,109,,,2
6,23,Directed,110,,,12
6,35,Directed,111,,,8
6,47,Directed,112,,,5
6,48,Directed,113,,,7
6,43,Directed,114,,,4
6,46,Directed,115,,,9
6,72,Directed,116,,,1
6,88,Directed,117,,,1
6,94,Directed,118,,,1
6,25,Directed,119,,,1
6,73,Directed,120,,,6
6,74,Directed,121,,,10
6,77,Directed,122,,,13
6,75,Directed,123,,,7
7,1,Directed,124,,,1
7,2,Directed,125,,,2
7,3,Directed,126,,,4
7,6,Directed,127,,,2
7,59,Directed,128,,,1
7,73,Directed,129,,,1
8,102,Directed,130,,,2
8,108,Directed,131,,,1
8,235,Directed,132,,,1
8,3,Directed,133,,,1
8,4,Directed,134,,,2
8,213,Directed,135,,,1
8,5,Directed,136,,,2
8,193,Directed,137,,,1
8,14,Directed,138,,,1
8,103,Directed,139,,,2
8,214,Directed,140,,,1
8,36,Directed,141,,,3
9,108,Directed,142,,,2
9,236,Directed,143,,,1
9,4,Directed,144,,,2
9,213,Directed,145,,,4
9,218,Directed,146,,,1
9,5,Directed,147,,,1
9,7,Directed,148,,,1
9,103,Directed,149,,,1
9,24,Directed,150,,,4
10,102,Directed,151,,,13
10,208,Directed,152,,,3
10,138,Directed,153,,,1
10,124,Directed,154,,,1
10,142,Directed,155,,,1
10,13,Directed,156,,,5
10,14,Directed,157,,,5
11,12,Directed,158,,,2
11,118,Directed,159,,,1
11,3,Directed,160,,,4
11,13,Directed,161,,,6
11,14,Directed,162,,,9
12,16,Directed,163,,,1
12,151,Directed,164,,,1
12,152,Directed,165,,,4
12,153,Directed,166,,,9
12,154,Directed,167,,,3
12,155,Directed,168,,,2
12,156,Directed,169,,,2
12,157,Directed,170,,,4
12,158,Directed,171,,,2
12,2,Directed,172,,,3
12,84,Directed,173,,,2
12,117,Directed,174,,,2
12,3,Directed,175,,,4
12,159,Directed,176,,,4
12,160,Directed,177,,,4
12,161,Directed,178,,,9
12,162,Directed,179,,,12
12,163,Directed,180,,,9
12,164,Directed,181,,,2
12,165,Directed,182,,,7
12,166,Directed,183,,,14
12,167,Directed,184,,,5
12,168,Directed,185,,,1
12,168,Directed,186,,,2
12,169,Directed,187,,,2
12,170,Directed,188,,,5
12,171,Directed,189,,,2
12,172,Directed,190,,,28
12,173,Directed,191,,,1
12,174,Directed,192,,,2
12,175,Directed,193,,,10
12,176,Directed,194,,,14
12,177,Directed,195,,,2
12,178,Directed,196,,,3
12,179,Directed,197,,,4
12,180,Directed,198,,,4
12,181,Directed,199,,,6
12,182,Directed,200,,,4
12,183,Directed,201,,,2
13,6,Directed,202,,,1
13,34,Directed,203,,,2
13,209,Directed,204,,,3
13,23,Directed,205,,,10
13,35,Directed,206,,,6
13,47,Directed,207,,,6
13,48,Directed,208,,,5
13,43,Directed,209,,,7
13,46,Directed,210,,,10
13,88,Directed,211,,,1
13,73,Directed,212,,,9
13,74,Directed,213,,,8
13,77,Directed,214,,,3
13,75,Directed,215,,,12
14,114,Directed,216,,,1
14,11,Directed,217,,,1
14,12,Directed,218,,,1
14,86,Directed,219,,,1
14,118,Directed,220,,,1
14,3,Directed,221,,,2
14,4,Directed,222,,,5
14,13,Directed,223,,,3
14,75,Directed,224,,,2
15,16,Directed,225,,,1
15,4,Directed,226,,,3
15,17,Directed,227,,,2
15,18,Directed,228,,,4
15,19,Directed,229,,,5
15,20,Directed,230,,,6
15,21,Directed,231,,,4
15,22,Directed,232,,,1
15,23,Directed,233,,,3
15,24,Directed,234,,,1
15,25,Directed,235,,,2
15,26,Directed,236,,,2
16,113,Directed,237,,,5
16,1,Directed,238,,,6
16,114,Directed,239,,,1
16,92,Directed,240,,,1
16,115,Directed,241,,,3
16,116,Directed,242,,,2
16,12,Directed,243,,,2
16,2,Directed,244,,,4
16,84,Directed,245,,,1
16,117,Directed,246,,,1
16,118,Directed,247,,,4
16,119,Directed,248,,,1
16,98,Directed,249,,,2
16,120,Directed,250,,,2
16,19,Directed,251,,,1
16,22,Directed,252,,,1
16,73,Directed,253,,,2
17,41,Directed,254,,,1
17,22,Directed,255,,,7
17,23,Directed,256,,,11
17,53,Directed,257,,,1
17,44,Directed,258,,,10
18,4,Directed,259,,,19
18,71,Directed,260,,,2
18,15,Directed,261,,,2
18,17,Directed,262,,,1
18,14,Directed,263,,,7
18,23,Directed,264,,,7
18,35,Directed,265,,,1
18,47,Directed,266,,,2
18,43,Directed,267,,,1
18,51,Directed,268,,,2
18,72,Directed,269,,,1
18,73,Directed,270,,,3
18,74,Directed,271,,,4
18,75,Directed,272,,,4
18,76,Directed,273,,,1
19,17,Directed,274,,,2
19,70,Directed,275,,,1
19,20,Directed,276,,,1
19,59,Directed,277,,,2
19,22,Directed,278,,,2
19,46,Directed,279,,,4
19,80,Directed,280,,,3
20,12,Directed,281,,,5
20,2,Directed,282,,,6
20,132,Directed,283,,,1
20,130,Directed,284,,,2
20,209,Directed,285,,,1
20,210,Directed,286,,,1
20,89,Directed,287,,,2
20,73,Directed,288,,,3
20,74,Directed,289,,,4
20,75,Directed,290,,,1
21,106,Directed,291,,,1
21,12,Directed,292,,,5
21,2,Directed,293,,,3
21,85,Directed,294,,,1
21,73,Directed,295,,,2
21,74,Directed,296,,,3
21,77,Directed,297,,,2
21,75,Directed,298,,,1
22,55,Directed,299,,,2
23,46,Directed,300,,,7
23,44,Directed,301,,,8
24,48,Directed,302,,,1
24,44,Directed,303,,,8
25,190,Directed,304,,,1
26,22,Directed,305,,,3
26,51,Directed,306,,,1
26,49,Directed,307,,,1
26,64,Directed,308,,,2
26,44,Directed,309,,,9
27,28,Directed,310,,,1
27,3,Directed,311,,,4
27,29,Directed,312,,,2
27,30,Directed,313,,,1
27,31,Directed,314,,,5
27,32,Directed,315,,,3
27,20,Directed,316,,,2
27,21,Directed,317,,,4
27,33,Directed,318,,,1
27,34,Directed,319,,,1
27,35,Directed,320,,,2
27,36,Directed,321,,,2
27,37,Directed,322,,,2
27,38,Directed,323,,,1
27,39,Directed,324,,,1
28,122,Directed,325,,,10
28,114,Directed,326,,,2
29,50,Directed,327,,,1
29,30,Directed,328,,,1
29,33,Directed,329,,,8
29,35,Directed,330,,,11
29,44,Directed,331,,,10
30,29,Directed,332,,,5
30,32,Directed,333,,,2
30,6,Directed,334,,,2
30,59,Directed,335,,,4
30,33,Directed,336,,,14
30,51,Directed,337,,,3
30,49,Directed,338,,,2
30,64,Directed,339,,,3
30,38,Directed,340,,,3
30,52,Directed,341,,,1
31,3,Directed,342,,,14
31,4,Directed,343,,,1
31,58,Directed,344,,,2
31,27,Directed,345,,,6
31,45,Directed,346,,,3
31,29,Directed,347,,,1
31,66,Directed,348,,,1
31,7,Directed,349,,,10
31,35,Directed,350,,,10
31,47,Directed,351,,,2
31,48,Directed,352,,,1
31,46,Directed,353,,,3
31,49,Directed,354,,,2
31,73,Directed,355,,,1
31,74,Directed,356,,,1
31,77,Directed,357,,,3
31,75,Directed,358,,,3
32,29,Directed,359,,,1
32,30,Directed,360,,,1
32,21,Directed,361,,,1
32,59,Directed,362,,,1
32,33,Directed,363,,,1
32,43,Directed,364,,,3
32,49,Directed,365,,,1
32,81,Directed,366,,,3
33,68,Directed,367,,,2
34,13,Directed,368,,,1
34,6,Directed,369,,,1
34,47,Directed,370,,,2
34,43,Directed,371,,,1
34,72,Directed,372,,,3
34,37,Directed,373,,,3
34,112,Directed,374,,,1
34,74,Directed,375,,,1
34,44,Directed,376,,,4
35,43,Directed,377,,,10
35,44,Directed,378,,,10
36,49,Directed,379,,,1
36,93,Directed,380,,,1
36,44,Directed,381,,,7
37,190,Directed,382,,,1
38,50,Directed,383,,,1
38,33,Directed,384,,,4
38,43,Directed,385,,,1
38,49,Directed,386,,,2
38,64,Directed,387,,,2
38,44,Directed,388,,,9
40,41,Directed,389,,,1
40,42,Directed,390,,,1
40,22,Directed,391,,,3
40,43,Directed,392,,,6
40,44,Directed,393,,,4
41,4,Directed,394,,,2
41,40,Directed,395,,,1
41,23,Directed,396,,,3
41,47,Directed,397,,,1
41,48,Directed,398,,,3
41,43,Directed,399,,,4
41,46,Directed,400,,,2
41,49,Directed,401,,,1
41,44,Directed,402,,,10
42,84,Directed,403,,,4
42,86,Directed,404,,,3
42,119,Directed,405,,,2
42,98,Directed,406,,,2
42,218,Directed,407,,,1
42,167,Directed,408,,,1
42,232,Directed,409,,,1
42,168,Directed,410,,,1
42,137,Directed,411,,,1
42,40,Directed,412,,,1
42,45,Directed,413,,,1
42,17,Directed,414,,,1
42,29,Directed,415,,,1
42,185,Directed,416,,,1
42,172,Directed,417,,,1
42,22,Directed,418,,,4
42,33,Directed,419,,,3
42,173,Directed,420,,,1
43,6,Directed,421,,,1
43,23,Directed,422,,,1
43,35,Directed,423,,,6
43,44,Directed,424,,,7
45,33,Directed,425,,,7
45,46,Directed,426,,,8
45,44,Directed,427,,,8
46,23,Directed,428,,,10
46,79,Directed,429,,,1
46,44,Directed,430,,,9
47,31,Directed,431,,,1
47,13,Directed,432,,,5
47,6,Directed,433,,,3
47,35,Directed,434,,,1
47,48,Directed,435,,,2
47,214,Directed,436,,,1
47,44,Directed,437,,,11
48,213,Directed,438,,,1
48,13,Directed,439,,,5
48,6,Directed,440,,,7
48,23,Directed,441,,,1
48,47,Directed,442,,,1
48,44,Directed,443,,,4
49,44,Directed,444,,,14
50,3,Directed,445,,,1
50,45,Directed,446,,,1
50,23,Directed,447,,,3
50,35,Directed,448,,,4
50,47,Directed,449,,,4
50,48,Directed,450,,,1
50,43,Directed,451,,,1
50,46,Directed,452,,,4
50,51,Directed,453,,,2
50,52,Directed,454,,,1
50,44,Directed,455,,,12
51,44,Directed,456,,,11
52,99,Directed,457,,,4
52,84,Directed,458,,,1
52,86,Directed,459,,,1
52,4,Directed,460,,,1
52,32,Directed,461,,,1
52,6,Directed,462,,,4
52,21,Directed,463,,,1
52,9,Directed,464,,,2
52,33,Directed,465,,,3
52,48,Directed,466,,,1
52,37,Directed,467,,,1
53,86,Directed,468,,,1
53,4,Directed,469,,,5
53,17,Directed,470,,,1
53,13,Directed,471,,,1
53,14,Directed,472,,,2
53,59,Directed,473,,,1
53,90,Directed,474,,,1
53,23,Directed,475,,,4
53,46,Directed,476,,,2
53,78,Directed,477,,,1
53,75,Directed,478,,,4
54,11,Directed,479,,,1
54,40,Directed,480,,,7
54,55,Directed,481,,,2
54,14,Directed,482,,,1
54,22,Directed,483,,,9
54,51,Directed,484,,,4
54,49,Directed,485,,,4
54,56,Directed,486,,,3
55,21,Directed,487,,,1
55,35,Directed,488,,,4
55,78,Directed,489,,,3
56,40,Directed,490,,,2
56,22,Directed,491,,,3
56,35,Directed,492,,,1
56,51,Directed,493,,,1
56,44,Directed,494,,,6
57,58,Directed,495,,,1
57,45,Directed,496,,,7
57,21,Directed,497,,,1
57,59,Directed,498,,,1
57,33,Directed,499,,,12
57,60,Directed,500,,,1
57,51,Directed,501,,,3
57,49,Directed,502,,,2
57,61,Directed,503,,,3
58,3,Directed,504,,,5
58,95,Directed,505,,,1
58,45,Directed,506,,,5
58,50,Directed,507,,,1
58,31,Directed,508,,,6
58,68,Directed,509,,,5
58,7,Directed,510,,,1
58,20,Directed,511,,,4
58,21,Directed,512,,,2
58,23,Directed,513,,,1
58,46,Directed,514,,,2
58,87,Directed,515,,,1
58,24,Directed,516,,,4
58,88,Directed,517,,,1
58,85,Directed,518,,,1
58,61,Directed,519,,,1
58,69,Directed,520,,,2
58,82,Directed,521,,,1
59,105,Directed,522,,,1
59,102,Directed,523,,,5
59,108,Directed,524,,,4
59,99,Directed,525,,,1
59,5,Directed,526,,,1
59,71,Directed,527,,,1
59,58,Directed,528,,,1
59,15,Directed,529,,,1
59,27,Directed,530,,,2
59,66,Directed,531,,,1
59,55,Directed,532,,,3
59,68,Directed,533,,,3
59,19,Directed,534,,,3
59,32,Directed,535,,,7
59,13,Directed,536,,,12
59,6,Directed,537,,,9
59,14,Directed,538,,,5
59,7,Directed,539,,,4
59,22,Directed,540,,,5
59,33,Directed,541,,,5
59,49,Directed,542,,,1
59,64,Directed,543,,,1
59,91,Directed,544,,,1
59,39,Directed,545,,,1
60,14,Directed,546,,,1
60,7,Directed,547,,,1
60,44,Directed,548,,,10
61,33,Directed,549,,,3
61,46,Directed,550,,,1
61,60,Directed,551,,,1
61,49,Directed,552,,,1
61,82,Directed,553,,,1
61,44,Directed,554,,,6
62,63,Directed,555,,,2
62,3,Directed,556,,,1
62,41,Directed,557,,,1
62,55,Directed,558,,,6
62,19,Directed,559,,,8
62,20,Directed,560,,,1
62,59,Directed,561,,,9
62,47,Directed,562,,,3
62,48,Directed,563,,,1
62,49,Directed,564,,,2
62,64,Directed,565,,,2
62,65,Directed,566,,,2
63,101,Directed,567,,,1
63,12,Directed,568,,,2
63,2,Directed,569,,,3
63,3,Directed,570,,,1
63,225,Directed,571,,,1
63,71,Directed,572,,,1
63,129,Directed,573,,,2
63,41,Directed,574,,,1
63,62,Directed,575,,,2
63,18,Directed,576,,,2
63,13,Directed,577,,,1
63,215,Directed,578,,,1
63,8,Directed,579,,,5
63,9,Directed,580,,,6
63,59,Directed,581,,,2
63,34,Directed,582,,,1
63,209,Directed,583,,,1
63,47,Directed,584,,,2
63,93,Directed,585,,,3
63,24,Directed,586,,,1
63,94,Directed,587,,,1
63,81,Directed,588,,,1
63,85,Directed,589,,,1
63,83,Directed,590,,,1
64,74,Directed,591,,,1
64,44,Directed,592,,,5
65,11,Directed,593,,,7
65,84,Directed,594,,,2
65,3,Directed,595,,,3
65,98,Directed,596,,,2
65,13,Directed,597,,,8
65,20,Directed,598,,,1
65,8,Directed,599,,,2
66,67,Directed,600,,,2
66,50,Directed,601,,,1
66,31,Directed,602,,,2
66,68,Directed,603,,,1
66,32,Directed,604,,,7
66,59,Directed,605,,,5
66,47,Directed,606,,,1
66,51,Directed,607,,,2
66,64,Directed,608,,,1
66,38,Directed,609,,,1
66,69,Directed,610,,,1
67,106,Directed,611,,,1
67,63,Directed,612,,,2
67,12,Directed,613,,,5
67,2,Directed,614,,,1
67,118,Directed,615,,,1
67,4,Directed,616,,,1
67,98,Directed,617,,,1
67,218,Directed,618,,,1
67,58,Directed,619,,,1
67,129,Directed,620,,,1
67,224,Directed,621,,,2
67,31,Directed,622,,,2
67,8,Directed,623,,,7
67,9,Directed,624,,,4
67,59,Directed,625,,,1
67,48,Directed,626,,,2
67,87,Directed,627,,,2
67,212,Directed,628,,,1
68,20,Directed,629,,,1
68,21,Directed,630,,,1
68,23,Directed,631,,,3
68,36,Directed,632,,,1
68,79,Directed,633,,,2
69,86,Directed,634,,,1
69,58,Directed,635,,,1
69,50,Directed,636,,,3
69,66,Directed,637,,,1
69,21,Directed,638,,,1
69,47,Directed,639,,,1
69,48,Directed,640,,,1
69,87,Directed,641,,,1
69,88,Directed,642,,,1
69,37,Directed,643,,,1
69,89,Directed,644,,,1
69,52,Directed,645,,,7
70,5,Directed,646,,,1
70,17,Directed,647,,,6
70,19,Directed,648,,,1
70,13,Directed,649,,,1
70,59,Directed,650,,,2
70,22,Directed,651,,,11
70,51,Directed,652,,,2
70,49,Directed,653,,,5
70,64,Directed,654,,,1
70,26,Directed,655,,,4
71,4,Directed,656,,,5
71,40,Directed,657,,,4
71,41,Directed,658,,,1
71,18,Directed,659,,,2
71,55,Directed,660,,,6
71,14,Directed,661,,,2
71,20,Directed,662,,,1
71,21,Directed,663,,,3
71,22,Directed,664,,,2
71,90,Directed,665,,,1
71,43,Directed,666,,,3
71,93,Directed,667,,,3
71,36,Directed,668,,,4
71,94,Directed,669,,,1
71,89,Directed,670,,,1
71,56,Directed,671,,,2
71,83,Directed,672,,,2
71,76,Directed,673,,,2
72,114,Directed,674,,,1
72,2,Directed,675,,,3
72,18,Directed,676,,,1
72,132,Directed,677,,,4
72,130,Directed,678,,,5
72,214,Directed,679,,,1
72,93,Directed,680,,,1
73,13,Directed,681,,,1
73,6,Directed,682,,,1
73,75,Directed,683,,,1
73,44,Directed,684,,,3
74,13,Directed,685,,,2
74,6,Directed,686,,,1
74,44,Directed,687,,,3
75,13,Directed,688,,,8
75,6,Directed,689,,,4
75,209,Directed,690,,,1
75,23,Directed,691,,,2
75,73,Directed,692,,,2
75,44,Directed,693,,,3
76,4,Directed,694,,,3
76,14,Directed,695,,,1
76,35,Directed,696,,,4
76,43,Directed,697,,,5
76,73,Directed,698,,,1
76,74,Directed,699,,,2
77,42,Directed,700,,,1
77,13,Directed,701,,,3
77,6,Directed,702,,,7
77,34,Directed,703,,,1
77,35,Directed,704,,,1
77,74,Directed,705,,,4
77,44,Directed,706,,,2
78,190,Directed,707,,,1
79,190,Directed,708,,,1
80,190,Directed,709,,,1
81,190,Directed,710,,,1
82,3,Directed,711,,,2
82,4,Directed,712,,,2
82,7,Directed,713,,,1
82,23,Directed,714,,,2
82,46,Directed,715,,,4
82,73,Directed,716,,,4
82,74,Directed,717,,,1
83,84,Directed,718,,,1
83,71,Directed,719,,,1
83,41,Directed,720,,,1
83,21,Directed,721,,,1
83,35,Directed,722,,,1
83,25,Directed,723,,,1
83,85,Directed,724,,,1
83,65,Directed,725,,,4
84,151,Directed,726,,,1
84,152,Directed,727,,,2
84,155,Directed,728,,,2
84,156,Directed,729,,,2
84,157,Directed,730,,,1
84,158,Directed,731,,,2
84,2,Directed,732,,,25
84,86,Directed,733,,,2
84,118,Directed,734,,,3
84,4,Directed,735,,,3
84,187,Directed,736,,,1
84,163,Directed,737,,,1
84,142,Directed,738,,,1
84,175,Directed,739,,,1
84,180,Directed,740,,,1
84,188,Directed,741,,,1
84,189,Directed,742,,,1
84,190,Directed,743,,,6
85,12,Directed,744,,,1
85,60,Directed,745,,,3
85,211,Directed,746,,,2
85,44,Directed,747,,,9
86,151,Directed,748,,,1
86,152,Directed,749,,,2
86,155,Directed,750,,,2
86,156,Directed,751,,,2
86,157,Directed,752,,,1
86,158,Directed,753,,,2
86,12,Directed,754,,,25
86,84,Directed,755,,,2
86,117,Directed,756,,,3
86,3,Directed,757,,,3
86,187,Directed,758,,,1
86,163,Directed,759,,,1
86,191,Directed,760,,,1
86,175,Directed,761,,,1
86,180,Directed,762,,,1
86,188,Directed,763,,,1
86,189,Directed,764,,,1
86,190,Directed,765,,,6
87,106,Directed,766,,,1
87,236,Directed,767,,,1
87,109,Directed,768,,,1
87,2,Directed,769,,,1
87,86,Directed,770,,,1
87,117,Directed,771,,,1
87,4,Directed,772,,,3
87,119,Directed,773,,,1
87,103,Directed,774,,,1
87,47,Directed,775,,,3
87,48,Directed,776,,,3
87,43,Directed,777,,,1
87,46,Directed,778,,,4
87,52,Directed,779,,,1
87,44,Directed,780,,,3
88,190,Directed,781,,,1
89,2,Directed,782,,,1
89,60,Directed,783,,,4
89,212,Directed,784,,,2
89,44,Directed,785,,,9
90,3,Directed,786,,,8
90,4,Directed,787,,,6
90,213,Directed,788,,,1
90,218,Directed,789,,,3
90,187,Directed,790,,,2
90,71,Directed,791,,,1
90,58,Directed,792,,,2
90,15,Directed,793,,,2
90,27,Directed,794,,,1
90,31,Directed,795,,,1
90,14,Directed,796,,,3
90,7,Directed,797,,,6
90,132,Directed,798,,,2
90,130,Directed,799,,,4
90,23,Directed,800,,,1
90,47,Directed,801,,,2
90,48,Directed,802,,,5
90,73,Directed,803,,,1
90,74,Directed,804,,,1
90,77,Directed,805,,,1
90,75,Directed,806,,,1
90,91,Directed,807,,,1
91,12,Directed,808,,,1
91,3,Directed,809,,,6
91,29,Directed,810,,,1
91,6,Directed,811,,,1
91,7,Directed,812,,,1
91,23,Directed,813,,,1
91,35,Directed,814,,,4
91,43,Directed,815,,,3
91,78,Directed,816,,,1
91,79,Directed,817,,,1
91,77,Directed,818,,,3
92,3,Directed,819,,,2
92,4,Directed,820,,,2
92,48,Directed,821,,,1
92,39,Directed,822,,,1
92,39,Directed,823,,,2
93,101,Directed,824,,,1
93,114,Directed,825,,,1
93,216,Directed,826,,,1
93,235,Directed,827,,,1
93,141,Directed,828,,,1
93,12,Directed,829,,,1
93,86,Directed,830,,,2
93,3,Directed,831,,,2
93,71,Directed,832,,,1
93,47,Directed,833,,,1
93,48,Directed,834,,,3
93,43,Directed,835,,,4
93,36,Directed,836,,,1
93,25,Directed,837,,,1
93,78,Directed,838,,,2
93,104,Directed,839,,,2
93,65,Directed,840,,,1
93,44,Directed,841,,,5
94,190,Directed,842,,,1
95,63,Directed,843,,,1
95,67,Directed,844,,,1
95,240,Directed,845,,,1
95,12,Directed,846,,,5
95,198,Directed,847,,,1
95,119,Directed,848,,,2
95,142,Directed,849,,,7
95,125,Directed,850,,,2
95,172,Directed,851,,,2
95,207,Directed,852,,,4
95,204,Directed,853,,,1
95,72,Directed,854,,,1
95,241,Directed,855,,,1
95,61,Directed,856,,,1
96,97,Directed,857,,,1
96,60,Directed,858,,,1
96,44,Directed,859,,,1
97,166,Directed,860,,,2
97,227,Directed,861,,,1
97,221,Directed,862,,,1
97,44,Directed,863,,,29
98,2,Directed,864,,,2
98,84,Directed,865,,,4
98,86,Directed,866,,,1
98,118,Directed,867,,,4
98,3,Directed,868,,,4
98,202,Directed,869,,,1
98,198,Directed,870,,,1
98,119,Directed,871,,,1
98,206,Directed,872,,,1
98,191,Directed,873,,,1
98,125,Directed,874,,,2
98,172,Directed,875,,,4
98,207,Directed,876,,,1
98,145,Directed,877,,,1
98,186,Directed,878,,,1
99,107,Directed,879,,,1
99,2,Directed,880,,,1
99,4,Directed,881,,,3
99,6,Directed,882,,,10
99,7,Directed,883,,,12
99,52,Directed,884,,,1
100,101,Directed,885,,,1
100,102,Directed,886,,,11
100,11,Directed,887,,,3
100,19,Directed,888,,,1
100,13,Directed,889,,,12
100,103,Directed,890,,,2
100,104,Directed,891,,,2
101,1,Directed,892,,,1
101,114,Directed,893,,,2
101,2,Directed,894,,,1
101,84,Directed,895,,,4
101,86,Directed,896,,,5
101,3,Directed,897,,,1
101,98,Directed,898,,,4
101,224,Directed,899,,,1
101,132,Directed,900,,,3
101,22,Directed,901,,,1
101,22,Directed,902,,,1
101,77,Directed,903,,,2
102,100,Directed,904,,,2
102,113,Directed,905,,,2
102,1,Directed,906,,,4
102,114,Directed,907,,,7
102,135,Directed,908,,,1
102,136,Directed,909,,,1
102,4,Directed,910,,,4
102,137,Directed,911,,,1
102,13,Directed,912,,,7
102,59,Directed,913,,,1
102,132,Directed,914,,,3
102,89,Directed,915,,,4
102,104,Directed,916,,,7
103,102,Directed,917,,,6
103,108,Directed,918,,,5
103,201,Directed,919,,,1
103,11,Directed,920,,,1
103,5,Directed,921,,,1
103,137,Directed,922,,,3
103,191,Directed,923,,,1
103,13,Directed,924,,,6
103,6,Directed,925,,,1
103,65,Directed,926,,,5
103,52,Directed,927,,,2
104,222,Directed,928,,,1
104,64,Directed,929,,,5
104,131,Directed,930,,,3
104,44,Directed,931,,,4
105,106,Directed,932,,,1
105,107,Directed,933,,,1
105,108,Directed,934,,,8
105,109,Directed,935,,,1
105,99,Directed,936,,,3
105,110,Directed,937,,,2
105,111,Directed,938,,,1
105,6,Directed,939,,,12
105,9,Directed,940,,,2
105,103,Directed,941,,,3
105,89,Directed,942,,,1
105,112,Directed,943,,,2
105,52,Directed,944,,,1
106,84,Directed,945,,,3
106,86,Directed,946,,,4
106,3,Directed,947,,,1
106,119,Directed,948,,,3
106,130,Directed,949,,,4
106,33,Directed,950,,,1
106,209,Directed,951,,,1
106,75,Directed,952,,,2
107,105,Directed,953,,,1
107,108,Directed,954,,,6
107,139,Directed,955,,,1
107,191,Directed,956,,,1
107,6,Directed,957,,,4
107,7,Directed,958,,,4
108,122,Directed,959,,,1
108,1,Directed,960,,,9
108,114,Directed,961,,,1
108,3,Directed,962,,,4
108,4,Directed,963,,,1
108,137,Directed,964,,,2
108,6,Directed,965,,,7
108,130,Directed,966,,,4
108,85,Directed,967,,,5
108,112,Directed,968,,,3
109,106,Directed,969,,,1
109,105,Directed,970,,,2
109,122,Directed,971,,,9
109,114,Directed,972,,,3
109,2,Directed,973,,,5
109,86,Directed,974,,,3
109,117,Directed,975,,,5
109,118,Directed,976,,,1
109,4,Directed,977,,,2
109,142,Directed,978,,,1
109,111,Directed,979,,,1
109,6,Directed,980,,,2
109,87,Directed,981,,,2
110,105,Directed,982,,,4
110,108,Directed,983,,,4
110,28,Directed,984,,,1
110,86,Directed,985,,,2
110,6,Directed,986,,,1
110,103,Directed,987,,,2
110,112,Directed,988,,,1
111,105,Directed,989,,,1
111,201,Directed,990,,,1
111,12,Directed,991,,,1
111,2,Directed,992,,,2
111,84,Directed,993,,,3
111,86,Directed,994,,,7
111,3,Directed,995,,,1
111,198,Directed,996,,,3
111,187,Directed,997,,,4
111,233,Directed,998,,,1
111,193,Directed,999,,,2
111,125,Directed,1000,,,5
111,172,Directed,1001,,,7
111,145,Directed,1002,,,1
111,6,Directed,1003,,,2
111,9,Directed,1004,,,1
111,130,Directed,1005,,,1
111,190,Directed,1006,,,3
112,223,Directed,1007,,,3
112,64,Directed,1008,,,3
112,72,Directed,1009,,,4
112,44,Directed,1010,,,4
113,101,Directed,1011,,,1
113,1,Directed,1012,,,11
113,149,Directed,1013,,,2
113,102,Directed,1014,,,2
113,115,Directed,1015,,,2
113,140,Directed,1016,,,1
113,141,Directed,1017,,,3
113,124,Directed,1018,,,1
113,191,Directed,1019,,,1
113,215,Directed,1020,,,1
114,2,Directed,1021,,,1
114,86,Directed,1022,,,3
114,3,Directed,1023,,,1
114,13,Directed,1024,,,1
114,14,Directed,1025,,,4
114,132,Directed,1026,,,14
114,130,Directed,1027,,,1
114,131,Directed,1028,,,1
114,73,Directed,1029,,,3
114,133,Directed,1030,,,1
115,126,Directed,1031,,,3
115,128,Directed,1032,,,1
115,113,Directed,1033,,,4
115,122,Directed,1034,,,3
115,1,Directed,1035,,,1
115,114,Directed,1036,,,7
115,10,Directed,1037,,,4
115,107,Directed,1038,,,12
115,139,Directed,1039,,,1
115,138,Directed,1040,,,1
115,124,Directed,1041,,,2
116,100,Directed,1042,,,3
116,113,Directed,1043,,,7
116,1,Directed,1044,,,5
116,141,Directed,1045,,,1
116,12,Directed,1046,,,2
116,84,Directed,1047,,,6
116,117,Directed,1048,,,2
116,118,Directed,1049,,,4
116,13,Directed,1050,,,4
116,132,Directed,1051,,,1
116,22,Directed,1052,,,1
116,103,Directed,1053,,,1
117,151,Directed,1054,,,1
117,152,Directed,1055,,,2
117,153,Directed,1056,,,2
117,156,Directed,1057,,,1
117,157,Directed,1058,,,1
117,12,Directed,1059,,,70
117,84,Directed,1060,,,1
117,118,Directed,1061,,,2
117,159,Directed,1062,,,3
117,160,Directed,1063,,,2
117,161,Directed,1064,,,6
117,162,Directed,1065,,,4
117,163,Directed,1066,,,3
117,166,Directed,1067,,,1
117,167,Directed,1068,,,1
117,192,Directed,1069,,,1
117,193,Directed,1070,,,1
117,170,Directed,1071,,,3
117,194,Directed,1072,,,1
117,125,Directed,1073,,,1
117,173,Directed,1074,,,3
117,186,Directed,1075,,,6
117,176,Directed,1076,,,1
117,178,Directed,1077,,,1
117,179,Directed,1078,,,3
117,181,Directed,1079,,,1
117,182,Directed,1080,,,2
118,151,Directed,1081,,,1
118,152,Directed,1082,,,2
118,153,Directed,1083,,,2
118,156,Directed,1084,,,1
118,157,Directed,1085,,,1
118,2,Directed,1086,,,70
118,86,Directed,1087,,,1
118,117,Directed,1088,,,2
118,159,Directed,1089,,,3
118,160,Directed,1090,,,2
118,161,Directed,1091,,,6
118,162,Directed,1092,,,4
118,163,Directed,1093,,,3
118,166,Directed,1094,,,1
118,167,Directed,1095,,,1
118,192,Directed,1096,,,1
118,193,Directed,1097,,,1
118,184,Directed,1098,,,3
118,194,Directed,1099,,,1
118,172,Directed,1100,,,1
118,173,Directed,1101,,,3
118,174,Directed,1102,,,6
118,176,Directed,1103,,,1
118,178,Directed,1104,,,1
118,179,Directed,1105,,,3
118,181,Directed,1106,,,1
118,182,Directed,1107,,,2
119,12,Directed,1108,,,2
119,84,Directed,1109,,,1
119,86,Directed,1110,,,5
119,117,Directed,1111,,,3
119,4,Directed,1112,,,4
119,199,Directed,1113,,,1
119,123,Directed,1114,,,1
119,142,Directed,1115,,,1
119,125,Directed,1116,,,1
119,172,Directed,1117,,,3
119,204,Directed,1118,,,2
119,148,Directed,1119,,,1
119,205,Directed,1120,,,1
119,90,Directed,1121,,,2
119,174,Directed,1122,,,1
120,100,Directed,1123,,,8
120,114,Directed,1124,,,1
120,102,Directed,1125,,,7
120,84,Directed,1126,,,1
120,13,Directed,1127,,,3
120,85,Directed,1128,,,1
121,122,Directed,1129,,,10
121,114,Directed,1130,,,11
121,115,Directed,1131,,,1
121,109,Directed,1132,,,3
121,2,Directed,1133,,,2
121,84,Directed,1134,,,1
121,86,Directed,1135,,,2
121,117,Directed,1136,,,5
121,118,Directed,1137,,,2
121,123,Directed,1138,,,1
121,98,Directed,1139,,,2
121,124,Directed,1140,,,3
121,31,Directed,1141,,,1
121,125,Directed,1142,,,2
121,20,Directed,1143,,,1
121,21,Directed,1144,,,1
122,106,Directed,1145,,,1
122,121,Directed,1146,,,1
122,114,Directed,1147,,,12
122,108,Directed,1148,,,1
122,115,Directed,1149,,,1
122,139,Directed,1150,,,1
122,124,Directed,1151,,,1
122,205,Directed,1152,,,2
123,121,Directed,1153,,,2
123,201,Directed,1154,,,1
123,84,Directed,1155,,,1
123,118,Directed,1156,,,1
123,202,Directed,1157,,,5
123,198,Directed,1158,,,2
123,119,Directed,1159,,,1
123,98,Directed,1160,,,2
123,203,Directed,1161,,,4
123,145,Directed,1162,,,2
123,8,Directed,1163,,,1
123,103,Directed,1164,,,3
123,89,Directed,1165,,,1
123,104,Directed,1166,,,1
123,200,Directed,1167,,,1
124,121,Directed,1168,,,1
124,122,Directed,1169,,,2
124,1,Directed,1170,,,1
124,114,Directed,1171,,,3
124,10,Directed,1172,,,4
124,107,Directed,1173,,,9
124,138,Directed,1174,,,2
125,151,Directed,1175,,,1
125,154,Directed,1176,,,2
125,12,Directed,1177,,,7
125,2,Directed,1178,,,9
125,84,Directed,1179,,,4
125,86,Directed,1180,,,16
125,117,Directed,1181,,,3
125,118,Directed,1182,,,6
125,3,Directed,1183,,,2
125,4,Directed,1184,,,1
125,119,Directed,1185,,,3
125,187,Directed,1186,,,1
125,160,Directed,1187,,,1
125,232,Directed,1188,,,4
125,168,Directed,1189,,,5
125,192,Directed,1190,,,7
125,169,Directed,1191,,,3
125,253,Directed,1192,,,4
125,137,Directed,1193,,,4
125,184,Directed,1194,,,1
125,171,Directed,1195,,,1
125,172,Directed,1196,,,3
125,42,Directed,1197,,,1
125,256,Directed,1198,,,1
125,96,Directed,1199,,,5
125,90,Directed,1200,,,2
125,78,Directed,1201,,,2
125,254,Directed,1202,,,1
125,262,Directed,1203,,,1
125,263,Directed,1204,,,4
125,264,Directed,1205,,,1
125,265,Directed,1206,,,5
125,266,Directed,1207,,,3
125,267,Directed,1208,,,2
126,127,Directed,1209,,,1
126,10,Directed,1210,,,7
127,126,Directed,1211,,,5
127,113,Directed,1212,,,2
127,1,Directed,1213,,,2
127,115,Directed,1214,,,3
127,5,Directed,1215,,,3
127,14,Directed,1216,,,1
127,96,Directed,1217,,,1
127,39,Directed,1218,,,1
128,107,Directed,1219,,,11
128,115,Directed,1220,,,1
129,63,Directed,1221,,,1
129,67,Directed,1222,,,2
129,1,Directed,1223,,,1
129,114,Directed,1224,,,2
129,12,Directed,1225,,,13
129,2,Directed,1226,,,18
129,84,Directed,1227,,,4
129,86,Directed,1228,,,5
129,117,Directed,1229,,,6
129,118,Directed,1230,,,14
129,137,Directed,1231,,,1
129,224,Directed,1232,,,1
130,106,Directed,1233,,,1
130,1,Directed,1234,,,4
130,12,Directed,1235,,,2
130,84,Directed,1236,,,2
130,86,Directed,1237,,,5
130,119,Directed,1238,,,1
130,213,Directed,1239,,,1
130,7,Directed,1240,,,1
130,90,Directed,1241,,,1
130,47,Directed,1242,,,2
130,48,Directed,1243,,,1
130,210,Directed,1244,,,2
130,211,Directed,1245,,,3
130,212,Directed,1246,,,3
130,73,Directed,1247,,,2
130,74,Directed,1248,,,3
130,44,Directed,1249,,,4
131,1,Directed,1250,,,1
131,12,Directed,1251,,,5
131,132,Directed,1252,,,3
131,130,Directed,1253,,,5
131,93,Directed,1254,,,1
132,12,Directed,1255,,,1
132,84,Directed,1256,,,2
132,86,Directed,1257,,,3
132,14,Directed,1258,,,1
132,90,Directed,1259,,,1
132,47,Directed,1260,,,1
132,48,Directed,1261,,,3
132,210,Directed,1262,,,1
132,72,Directed,1263,,,1
132,211,Directed,1264,,,3
132,212,Directed,1265,,,2
132,74,Directed,1266,,,5
132,77,Directed,1267,,,1
132,44,Directed,1268,,,4
133,114,Directed,1269,,,1
133,219,Directed,1270,,,1
133,132,Directed,1271,,,1
133,214,Directed,1272,,,2
133,131,Directed,1273,,,9
133,72,Directed,1274,,,4
133,173,Directed,1275,,,1
133,196,Directed,1276,,,3
133,178,Directed,1277,,,1
133,179,Directed,1278,,,1
133,200,Directed,1279,,,2
133,197,Directed,1280,,,1
133,44,Directed,1281,,,5
134,128,Directed,1282,,,5
134,135,Directed,1283,,,2
134,28,Directed,1284,,,1
134,99,Directed,1285,,,1
134,0,Directed,1286,,,3
134,14,Directed,1287,,,1
134,7,Directed,1288,,,2
134,39,Directed,1289,,,1
135,105,Directed,1290,,,1
135,113,Directed,1291,,,4
135,1,Directed,1292,,,7
135,114,Directed,1293,,,3
135,10,Directed,1294,,,12
135,107,Directed,1295,,,6
135,138,Directed,1296,,,4
135,124,Directed,1297,,,2
135,6,Directed,1298,,,1
136,1,Directed,1299,,,1
136,10,Directed,1300,,,2
136,102,Directed,1301,,,1
136,135,Directed,1302,,,1
136,115,Directed,1303,,,1
136,141,Directed,1304,,,2
136,138,Directed,1305,,,2
136,124,Directed,1306,,,2
137,102,Directed,1307,,,3
137,201,Directed,1308,,,3
137,11,Directed,1309,,,1
137,99,Directed,1310,,,1
137,12,Directed,1311,,,3
137,84,Directed,1312,,,1
137,3,Directed,1313,,,8
137,4,Directed,1314,,,6
137,232,Directed,1315,,,1
137,168,Directed,1316,,,3
137,192,Directed,1317,,,1
137,169,Directed,1318,,,1
137,253,Directed,1319,,,2
137,185,Directed,1320,,,2
137,125,Directed,1321,,,5
137,42,Directed,1322,,,2
137,13,Directed,1323,,,1
137,6,Directed,1324,,,2
137,130,Directed,1325,,,1
137,103,Directed,1326,,,1
137,72,Directed,1327,,,1
137,211,Directed,1328,,,1
137,212,Directed,1329,,,1
137,89,Directed,1330,,,3
137,85,Directed,1331,,,2
137,104,Directed,1332,,,3
137,112,Directed,1333,,,2
137,177,Directed,1334,,,1
137,133,Directed,1335,,,1
137,254,Directed,1336,,,2
138,113,Directed,1337,,,2
138,122,Directed,1338,,,4
138,1,Directed,1339,,,1
138,114,Directed,1340,,,1
138,10,Directed,1341,,,13
138,12,Directed,1342,,,1
138,13,Directed,1343,,,2
139,105,Directed,1344,,,3
139,128,Directed,1345,,,9
139,107,Directed,1346,,,2
139,108,Directed,1347,,,7
139,135,Directed,1348,,,1
139,115,Directed,1349,,,2
139,110,Directed,1350,,,2
139,205,Directed,1351,,,2
139,103,Directed,1352,,,1
140,113,Directed,1353,,,9
140,1,Directed,1354,,,3
140,127,Directed,1355,,,1
140,141,Directed,1356,,,1
141,113,Directed,1357,,,11
141,1,Directed,1358,,,3
141,149,Directed,1359,,,2
141,144,Directed,1360,,,1
142,1,Directed,1361,,,1
142,114,Directed,1362,,,1
142,102,Directed,1363,,,1
142,108,Directed,1364,,,1
142,157,Directed,1365,,,1
142,116,Directed,1366,,,2
142,117,Directed,1367,,,3
142,202,Directed,1368,,,2
142,119,Directed,1369,,,1
142,120,Directed,1370,,,1
142,95,Directed,1371,,,2
142,163,Directed,1372,,,2
142,164,Directed,1373,,,1
142,169,Directed,1374,,,1
142,191,Directed,1375,,,1
142,204,Directed,1376,,,2
142,148,Directed,1377,,,1
142,205,Directed,1378,,,3
142,130,Directed,1379,,,1
142,87,Directed,1380,,,1
142,173,Directed,1381,,,1
142,186,Directed,1382,,,3
142,181,Directed,1383,,,1
142,182,Directed,1384,,,1
142,238,Directed,1385,,,4
142,245,Directed,1386,,,2
142,244,Directed,1387,,,5
142,44,Directed,1388,,,3
142,44,Directed,1389,,,21
143,122,Directed,1390,,,3
143,135,Directed,1391,,,2
143,109,Directed,1392,,,1
143,138,Directed,1393,,,1
143,124,Directed,1394,,,2
144,141,Directed,1395,,,4
144,145,Directed,1396,,,13
145,113,Directed,1397,,,6
145,144,Directed,1398,,,1
145,141,Directed,1399,,,4
145,187,Directed,1400,,,1
145,219,Directed,1401,,,1
145,195,Directed,1402,,,1
145,193,Directed,1403,,,1
145,191,Directed,1404,,,3
145,93,Directed,1405,,,1
145,200,Directed,1406,,,1
145,39,Directed,1407,,,1
146,147,Directed,1408,,,4
146,142,Directed,1409,,,1
146,148,Directed,1410,,,13
147,122,Directed,1411,,,11
147,114,Directed,1412,,,1
147,150,Directed,1413,,,1
147,139,Directed,1414,,,1
148,122,Directed,1415,,,7
148,147,Directed,1416,,,4
148,199,Directed,1417,,,1
148,187,Directed,1418,,,1
148,219,Directed,1419,,,1
148,195,Directed,1420,,,1
148,193,Directed,1421,,,1
148,142,Directed,1422,,,1
148,205,Directed,1423,,,1
148,200,Directed,1424,,,1
148,39,Directed,1425,,,1
149,113,Directed,1426,,,5
149,216,Directed,1427,,,1
149,140,Directed,1428,,,2
149,141,Directed,1429,,,2
149,86,Directed,1430,,,2
149,117,Directed,1431,,,1
149,118,Directed,1432,,,1
149,4,Directed,1433,,,1
149,202,Directed,1434,,,4
149,199,Directed,1435,,,1
149,198,Directed,1436,,,1
149,123,Directed,1437,,,2
149,119,Directed,1438,,,1
149,145,Directed,1439,,,1
149,215,Directed,1440,,,1
149,104,Directed,1441,,,1
149,39,Directed,1442,,,1
149,39,Directed,1443,,,1
150,122,Directed,1444,,,4
150,28,Directed,1445,,,2
150,146,Directed,1446,,,2
150,147,Directed,1447,,,2
150,118,Directed,1448,,,1
150,202,Directed,1449,,,3
150,199,Directed,1450,,,2
150,98,Directed,1451,,,1
150,191,Directed,1452,,,1
150,142,Directed,1453,,,2
150,205,Directed,1454,,,1
150,87,Directed,1455,,,2
150,39,Directed,1456,,,1
151,159,Directed,1457,,,1
151,200,Directed,1458,,,1
151,44,Directed,1459,,,1
152,165,Directed,1460,,,1
152,249,Directed,1461,,,16
152,268,Directed,1462,,,2
152,44,Directed,1463,,,15
153,161,Directed,1464,,,1
153,166,Directed,1465,,,1
153,167,Directed,1466,,,1
153,249,Directed,1467,,,2
153,227,Directed,1468,,,16
153,44,Directed,1469,,,15
154,160,Directed,1470,,,1
154,197,Directed,1471,,,1
154,44,Directed,1472,,,15
155,161,Directed,1473,,,1
155,197,Directed,1474,,,2
155,189,Directed,1475,,,16
155,44,Directed,1476,,,15
156,189,Directed,1477,,,2
156,231,Directed,1478,,,16
156,44,Directed,1479,,,15
157,162,Directed,1480,,,1
157,231,Directed,1481,,,2
157,234,Directed,1482,,,16
157,44,Directed,1483,,,15
158,163,Directed,1484,,,1
158,234,Directed,1485,,,2
158,269,Directed,1486,,,16
158,44,Directed,1487,,,15
159,200,Directed,1488,,,1
159,197,Directed,1489,,,1
159,44,Directed,1490,,,10
160,219,Directed,1491,,,1
160,200,Directed,1492,,,1
160,197,Directed,1493,,,23
160,189,Directed,1494,,,6
160,44,Directed,1495,,,29
161,162,Directed,1496,,,1
161,233,Directed,1497,,,1
161,189,Directed,1498,,,23
161,231,Directed,1499,,,6
161,44,Directed,1500,,,29
162,163,Directed,1501,,,1
162,275,Directed,1502,,,1
162,231,Directed,1503,,,23
162,234,Directed,1504,,,6
162,269,Directed,1505,,,1
162,44,Directed,1506,,,29
163,164,Directed,1507,,,1
163,276,Directed,1508,,,1
163,269,Directed,1509,,,23
163,271,Directed,1510,,,1
163,44,Directed,1511,,,29
164,165,Directed,1512,,,1
164,276,Directed,1513,,,1
164,273,Directed,1514,,,23
164,268,Directed,1515,,,1
164,44,Directed,1516,,,29
165,166,Directed,1517,,,1
165,97,Directed,1518,,,1
165,249,Directed,1519,,,23
165,227,Directed,1520,,,1
165,44,Directed,1521,,,29
166,167,Directed,1522,,,1
166,97,Directed,1523,,,1
166,227,Directed,1524,,,23
166,221,Directed,1525,,,1
166,44,Directed,1526,,,29
167,97,Directed,1527,,,1
167,227,Directed,1528,,,23
167,221,Directed,1529,,,1
167,44,Directed,1530,,,29
168,156,Directed,1531,,,1
168,233,Directed,1532,,,4
168,275,Directed,1533,,,9
168,189,Directed,1534,,,1
168,231,Directed,1535,,,9
168,234,Directed,1536,,,22
168,269,Directed,1537,,,7
168,44,Directed,1538,,,22
169,270,Directed,1539,,,1
169,272,Directed,1540,,,1
169,276,Directed,1541,,,4
169,277,Directed,1542,,,9
169,234,Directed,1543,,,1
169,269,Directed,1544,,,9
169,271,Directed,1545,,,22
169,273,Directed,1546,,,7
169,44,Directed,1547,,,22
170,12,Directed,1548,,,5
170,2,Directed,1549,,,4
170,117,Directed,1550,,,4
170,118,Directed,1551,,,2
170,119,Directed,1552,,,1
170,255,Directed,1553,,,1
170,207,Directed,1554,,,1
170,256,Directed,1555,,,1
171,213,Directed,1556,,,22
171,137,Directed,1557,,,61
171,185,Directed,1558,,,1
171,125,Directed,1559,,,2
171,217,Directed,1560,,,1
171,42,Directed,1561,,,2
171,246,Directed,1562,,,1
171,190,Directed,1563,,,4
172,201,Directed,1564,,,1
172,151,Directed,1565,,,1
172,154,Directed,1566,,,2
172,12,Directed,1567,,,8
172,2,Directed,1568,,,10
172,84,Directed,1569,,,9
172,86,Directed,1570,,,6
172,117,Directed,1571,,,6
172,118,Directed,1572,,,1
172,3,Directed,1573,,,3
172,4,Directed,1574,,,1
172,187,Directed,1575,,,1
172,160,Directed,1576,,,1
172,232,Directed,1577,,,4
172,168,Directed,1578,,,5
172,192,Directed,1579,,,7
172,169,Directed,1580,,,3
172,253,Directed,1581,,,4
172,137,Directed,1582,,,4
172,129,Directed,1583,,,1
172,170,Directed,1584,,,1
172,185,Directed,1585,,,1
172,125,Directed,1586,,,1
172,42,Directed,1587,,,1
172,220,Directed,1588,,,1
172,96,Directed,1589,,,4
172,79,Directed,1590,,,1
172,254,Directed,1591,,,1
172,262,Directed,1592,,,1
172,263,Directed,1593,,,4
172,264,Directed,1594,,,1
172,265,Directed,1595,,,5
172,266,Directed,1596,,,3
172,267,Directed,1597,,,2
173,178,Directed,1598,,,1
174,190,Directed,1599,,,1
175,277,Directed,1600,,,8
175,176,Directed,1601,,,1
175,44,Directed,1602,,,10
176,97,Directed,1603,,,8
176,177,Directed,1604,,,1
176,249,Directed,1605,,,3
176,227,Directed,1606,,,2
176,44,Directed,1607,,,10
177,153,Directed,1608,,,2
177,166,Directed,1609,,,3
177,167,Directed,1610,,,5
177,253,Directed,1611,,,4
177,97,Directed,1612,,,2
177,170,Directed,1613,,,2
177,125,Directed,1614,,,2
177,172,Directed,1615,,,3
177,176,Directed,1616,,,1
177,221,Directed,1617,,,2
177,183,Directed,1618,,,11
177,44,Directed,1619,,,14
178,219,Directed,1620,,,8
178,179,Directed,1621,,,1
178,200,Directed,1622,,,1
178,197,Directed,1623,,,3
178,44,Directed,1624,,,10
179,219,Directed,1625,,,18
179,233,Directed,1626,,,11
179,180,Directed,1627,,,1
179,197,Directed,1628,,,3
179,189,Directed,1629,,,2
179,44,Directed,1630,,,31
180,233,Directed,1631,,,8
180,181,Directed,1632,,,1
180,231,Directed,1633,,,1
180,44,Directed,1634,,,10
181,275,Directed,1635,,,8
181,182,Directed,1636,,,1
181,231,Directed,1637,,,3
181,234,Directed,1638,,,2
181,44,Directed,1639,,,10
182,275,Directed,1640,,,8
182,188,Directed,1641,,,1
182,44,Directed,1642,,,10
183,177,Directed,1643,,,1
183,44,Directed,1644,,,8
184,12,Directed,1645,,,3
184,2,Directed,1646,,,7
184,117,Directed,1647,,,1
184,118,Directed,1648,,,3
184,98,Directed,1649,,,1
184,194,Directed,1650,,,1
184,172,Directed,1651,,,3
184,42,Directed,1652,,,1
184,256,Directed,1653,,,1
185,218,Directed,1654,,,22
185,137,Directed,1655,,,61
185,171,Directed,1656,,,1
185,172,Directed,1657,,,2
185,217,Directed,1658,,,1
185,42,Directed,1659,,,2
185,246,Directed,1660,,,1
185,190,Directed,1661,,,4
186,190,Directed,1662,,,1
187,151,Directed,1663,,,1
187,4,Directed,1664,,,1
187,199,Directed,1665,,,1
187,160,Directed,1666,,,1
187,219,Directed,1667,,,1
187,97,Directed,1668,,,2
187,111,Directed,1669,,,1
187,220,Directed,1670,,,1
187,173,Directed,1671,,,5
187,174,Directed,1672,,,7
187,221,Directed,1673,,,3
187,44,Directed,1674,,,6
188,276,Directed,1675,,,8
188,279,Directed,1676,,,1
188,269,Directed,1677,,,3
188,271,Directed,1678,,,2
188,44,Directed,1679,,,10
189,155,Directed,1680,,,2
189,237,Directed,1681,,,2
189,44,Directed,1682,,,25
191,113,Directed,1683,,,2
191,102,Directed,1684,,,2
191,108,Directed,1685,,,1
191,157,Directed,1686,,,1
191,116,Directed,1687,,,1
191,109,Directed,1688,,,2
191,146,Directed,1689,,,1
191,141,Directed,1690,,,1
191,117,Directed,1691,,,3
191,202,Directed,1692,,,6
191,119,Directed,1693,,,2
191,120,Directed,1694,,,2
191,110,Directed,1695,,,2
191,163,Directed,1696,,,1
191,142,Directed,1697,,,3
191,215,Directed,1698,,,3
191,132,Directed,1699,,,2
191,173,Directed,1700,,,1
191,186,Directed,1701,,,3
191,182,Directed,1702,,,1
191,238,Directed,1703,,,2
191,244,Directed,1704,,,10
191,44,Directed,1705,,,3
191,44,Directed,1706,,,22
192,157,Directed,1707,,,1
192,158,Directed,1708,,,1
192,275,Directed,1709,,,4
192,276,Directed,1710,,,9
192,231,Directed,1711,,,1
192,234,Directed,1712,,,9
192,269,Directed,1713,,,22
192,271,Directed,1714,,,7
192,44,Directed,1715,,,22
193,1,Directed,1716,,,1
193,114,Directed,1717,,,3
193,12,Directed,1718,,,5
193,2,Directed,1719,,,7
193,84,Directed,1720,,,1
193,213,Directed,1721,,,2
193,218,Directed,1722,,,1
193,195,Directed,1723,,,1
193,14,Directed,1724,,,1
193,8,Directed,1725,,,5
193,9,Directed,1726,,,5
193,214,Directed,1727,,,2
193,210,Directed,1728,,,4
194,12,Directed,1729,,,7
194,2,Directed,1730,,,7
194,118,Directed,1731,,,23
194,226,Directed,1732,,,1
194,170,Directed,1733,,,1
194,204,Directed,1734,,,1
195,1,Directed,1735,,,2
195,114,Directed,1736,,,5
195,213,Directed,1737,,,7
195,218,Directed,1738,,,7
195,187,Directed,1739,,,2
195,166,Directed,1740,,,2
195,97,Directed,1741,,,1
195,97,Directed,1742,,,3
195,193,Directed,1743,,,5
195,250,Directed,1744,,,1
195,111,Directed,1745,,,2
195,8,Directed,1746,,,2
195,9,Directed,1747,,,3
195,59,Directed,1748,,,1
195,64,Directed,1749,,,1
195,214,Directed,1750,,,2
195,210,Directed,1751,,,4
195,85,Directed,1752,,,1
195,44,Directed,1753,,,5
195,190,Directed,1754,,,5
196,219,Directed,1755,,,8
196,178,Directed,1756,,,1
196,133,Directed,1757,,,1
196,200,Directed,1758,,,3
196,44,Directed,1759,,,10
197,155,Directed,1760,,,2
197,237,Directed,1761,,,2
197,44,Directed,1762,,,8
198,105,Directed,1763,,,3
198,86,Directed,1764,,,2
198,117,Directed,1765,,,1
198,199,Directed,1766,,,5
198,123,Directed,1767,,,2
198,119,Directed,1768,,,4
198,98,Directed,1769,,,1
198,110,Directed,1770,,,1
198,111,Directed,1771,,,1
198,148,Directed,1772,,,2
198,130,Directed,1773,,,1
198,103,Directed,1774,,,3
198,85,Directed,1775,,,2
198,112,Directed,1776,,,2
198,200,Directed,1777,,,1
199,84,Directed,1778,,,1
199,86,Directed,1779,,,8
199,202,Directed,1780,,,4
199,226,Directed,1781,,,2
199,123,Directed,1782,,,5
199,119,Directed,1783,,,4
199,187,Directed,1784,,,1
199,142,Directed,1785,,,2
199,185,Directed,1786,,,1
199,145,Directed,1787,,,1
199,227,Directed,1788,,,1
199,44,Directed,1789,,,2
200,219,Directed,1790,,,1
200,196,Directed,1791,,,2
200,44,Directed,1792,,,8
201,12,Directed,1793,,,5
201,2,Directed,1794,,,3
201,84,Directed,1795,,,4
201,86,Directed,1796,,,5
201,117,Directed,1797,,,1
201,118,Directed,1798,,,1
201,119,Directed,1799,,,1
201,0,Directed,1800,,,2
201,5,Directed,1801,,,2
201,137,Directed,1802,,,1
201,125,Directed,1803,,,1
201,172,Directed,1804,,,2
201,203,Directed,1805,,,1
201,13,Directed,1806,,,3
201,6,Directed,1807,,,2
201,65,Directed,1808,,,1
202,84,Directed,1809,,,5
202,199,Directed,1810,,,5
202,226,Directed,1811,,,2
202,123,Directed,1812,,,6
202,98,Directed,1813,,,4
202,187,Directed,1814,,,1
202,191,Directed,1815,,,1
202,171,Directed,1816,,,1
202,145,Directed,1817,,,2
202,133,Directed,1818,,,1
202,227,Directed,1819,,,1
202,44,Directed,1820,,,2
203,101,Directed,1821,,,1
203,201,Directed,1822,,,1
203,12,Directed,1823,,,2
203,2,Directed,1824,,,2
203,84,Directed,1825,,,5
203,86,Directed,1826,,,6
203,118,Directed,1827,,,2
203,4,Directed,1828,,,1
203,123,Directed,1829,,,2
203,187,Directed,1830,,,4
203,233,Directed,1831,,,1
203,193,Directed,1832,,,2
203,172,Directed,1833,,,4
203,148,Directed,1834,,,1
203,8,Directed,1835,,,2
203,190,Directed,1836,,,3
204,2,Directed,1837,,,6
204,86,Directed,1838,,,3
204,118,Directed,1839,,,6
204,4,Directed,1840,,,3
204,199,Directed,1841,,,1
204,226,Directed,1842,,,1
204,119,Directed,1843,,,2
204,98,Directed,1844,,,7
204,187,Directed,1845,,,4
204,225,Directed,1846,,,2
204,95,Directed,1847,,,3
204,219,Directed,1848,,,2
204,233,Directed,1849,,,1
204,194,Directed,1850,,,3
204,172,Directed,1851,,,2
204,207,Directed,1852,,,5
204,252,Directed,1853,,,2
204,220,Directed,1854,,,3
204,205,Directed,1855,,,1
204,238,Directed,1856,,,2
204,245,Directed,1857,,,1
204,221,Directed,1858,,,1
204,189,Directed,1859,,,2
204,231,Directed,1860,,,4
204,44,Directed,1861,,,7
204,190,Directed,1862,,,2
205,109,Directed,1863,,,2
205,84,Directed,1864,,,1
205,86,Directed,1865,,,16
205,202,Directed,1866,,,1
205,198,Directed,1867,,,1
205,119,Directed,1868,,,1
205,98,Directed,1869,,,2
205,142,Directed,1870,,,1
205,125,Directed,1871,,,1
205,172,Directed,1872,,,1
205,111,Directed,1873,,,4
205,130,Directed,1874,,,4
205,33,Directed,1875,,,1
206,67,Directed,1876,,,3
206,84,Directed,1877,,,6
206,86,Directed,1878,,,5
206,98,Directed,1879,,,1
206,225,Directed,1880,,,3
206,95,Directed,1881,,,4
206,159,Directed,1882,,,1
206,159,Directed,1883,,,1
206,125,Directed,1884,,,4
206,172,Directed,1885,,,6
206,42,Directed,1886,,,3
206,96,Directed,1887,,,1
206,78,Directed,1888,,,1
207,2,Directed,1889,,,6
207,86,Directed,1890,,,3
207,118,Directed,1891,,,6
207,4,Directed,1892,,,3
207,199,Directed,1893,,,1
207,226,Directed,1894,,,1
207,119,Directed,1895,,,3
207,98,Directed,1896,,,7
207,187,Directed,1897,,,4
207,95,Directed,1898,,,3
207,219,Directed,1899,,,2
207,233,Directed,1900,,,1
207,194,Directed,1901,,,3
207,172,Directed,1902,,,2
207,204,Directed,1903,,,4
207,252,Directed,1904,,,2
207,256,Directed,1905,,,3
207,205,Directed,1906,,,1
207,238,Directed,1907,,,2
207,245,Directed,1908,,,1
207,221,Directed,1909,,,1
207,189,Directed,1910,,,2
207,231,Directed,1911,,,4
207,44,Directed,1912,,,7
207,190,Directed,1913,,,2
208,101,Directed,1914,,,1
208,126,Directed,1915,,,5
208,10,Directed,1916,,,1
208,102,Directed,1917,,,10
208,135,Directed,1918,,,4
208,140,Directed,1919,,,1
208,120,Directed,1920,,,1
209,13,Directed,1921,,,2
209,6,Directed,1922,,,2
209,23,Directed,1923,,,1
209,48,Directed,1924,,,1
209,46,Directed,1925,,,1
209,64,Directed,1926,,,1
209,131,Directed,1927,,,2
209,25,Directed,1928,,,2
209,73,Directed,1929,,,2
209,75,Directed,1930,,,2
209,44,Directed,1931,,,5
210,114,Directed,1932,,,1
210,213,Directed,1933,,,1
210,218,Directed,1934,,,3
210,48,Directed,1935,,,2
210,44,Directed,1936,,,4
211,12,Directed,1937,,,15
211,31,Directed,1938,,,1
211,132,Directed,1939,,,2
211,130,Directed,1940,,,9
211,210,Directed,1941,,,2
211,74,Directed,1942,,,6
212,2,Directed,1943,,,11
212,132,Directed,1944,,,4
212,130,Directed,1945,,,1
212,73,Directed,1946,,,6
213,84,Directed,1947,,,1
213,3,Directed,1948,,,2
213,4,Directed,1949,,,1
213,206,Directed,1950,,,1
213,137,Directed,1951,,,1
213,185,Directed,1952,,,4
213,217,Directed,1953,,,1
213,148,Directed,1954,,,1
213,132,Directed,1955,,,2
213,130,Directed,1956,,,1
213,72,Directed,1957,,,1
213,37,Directed,1958,,,1
213,190,Directed,1959,,,5
214,1,Directed,1960,,,1
214,213,Directed,1961,,,1
214,218,Directed,1962,,,4
214,47,Directed,1963,,,5
214,48,Directed,1964,,,1
214,87,Directed,1965,,,1
214,44,Directed,1966,,,5
215,216,Directed,1967,,,2
215,84,Directed,1968,,,10
215,86,Directed,1969,,,1
215,123,Directed,1970,,,1
215,98,Directed,1971,,,2
215,203,Directed,1972,,,3
215,132,Directed,1973,,,2
215,130,Directed,1974,,,1
216,118,Directed,1975,,,1
216,3,Directed,1976,,,1
216,225,Directed,1977,,,5
216,71,Directed,1978,,,3
216,15,Directed,1979,,,1
216,125,Directed,1980,,,4
216,172,Directed,1981,,,2
216,35,Directed,1982,,,1
216,93,Directed,1983,,,1
216,239,Directed,1984,,,1
217,213,Directed,1985,,,11
217,206,Directed,1986,,,1
217,137,Directed,1987,,,3
217,171,Directed,1988,,,10
217,125,Directed,1989,,,2
217,42,Directed,1990,,,2
217,190,Directed,1991,,,1
218,137,Directed,1992,,,1
218,171,Directed,1993,,,4
218,217,Directed,1994,,,1
218,203,Directed,1995,,,1
218,145,Directed,1996,,,1
218,132,Directed,1997,,,3
218,130,Directed,1998,,,3
218,131,Directed,1999,,,1
218,85,Directed,2000,,,1
218,73,Directed,2001,,,1
218,74,Directed,2002,,,2
218,75,Directed,2003,,,1
218,190,Directed,2004,,,5
219,159,Directed,2005,,,2
219,200,Directed,2006,,,1
219,197,Directed,2007,,,1
219,44,Directed,2008,,,29
220,2,Directed,2009,,,1
220,118,Directed,2010,,,1
220,119,Directed,2011,,,1
220,172,Directed,2012,,,1
220,252,Directed,2013,,,3
220,256,Directed,2014,,,1
220,177,Directed,2015,,,1
221,177,Directed,2016,,,1
221,44,Directed,2017,,,8
222,72,Directed,2018,,,3
222,112,Directed,2019,,,5
223,131,Directed,2020,,,5
223,104,Directed,2021,,,6
224,67,Directed,2022,,,2
224,114,Directed,2023,,,1
224,12,Directed,2024,,,10
224,2,Directed,2025,,,4
224,84,Directed,2026,,,4
224,86,Directed,2027,,,2
224,117,Directed,2028,,,10
224,118,Directed,2029,,,2
224,3,Directed,2030,,,3
224,4,Directed,2031,,,2
224,137,Directed,2032,,,1
224,129,Directed,2033,,,1
224,125,Directed,2034,,,2
224,133,Directed,2035,,,1
224,190,Directed,2036,,,3
225,63,Directed,2037,,,4
225,2,Directed,2038,,,2
225,198,Directed,2039,,,1
225,98,Directed,2040,,,1
225,191,Directed,2041,,,4
225,125,Directed,2042,,,2
225,207,Directed,2043,,,1
225,204,Directed,2044,,,2
225,131,Directed,2045,,,2
225,56,Directed,2046,,,1
225,39,Directed,2047,,,1
226,12,Directed,2048,,,3
226,2,Directed,2049,,,1
226,84,Directed,2050,,,4
226,117,Directed,2051,,,1
226,118,Directed,2052,,,1
226,4,Directed,2053,,,1
226,202,Directed,2054,,,1
226,98,Directed,2055,,,1
226,166,Directed,2056,,,1
226,166,Directed,2057,,,1
226,195,Directed,2058,,,1
226,228,Directed,2059,,,2
226,229,Directed,2060,,,1
226,125,Directed,2061,,,1
226,172,Directed,2062,,,1
226,207,Directed,2063,,,2
226,204,Directed,2064,,,2
226,203,Directed,2065,,,1
226,111,Directed,2066,,,1
226,145,Directed,2067,,,1
226,148,Directed,2068,,,1
226,176,Directed,2069,,,1
226,176,Directed,2070,,,1
226,190,Directed,2071,,,1
226,190,Directed,2072,,,1
227,44,Directed,2073,,,8
228,118,Directed,2074,,,1
228,202,Directed,2075,,,3
228,226,Directed,2076,,,5
228,198,Directed,2077,,,1
228,123,Directed,2078,,,1
228,166,Directed,2079,,,1
228,137,Directed,2080,,,2
228,229,Directed,2081,,,5
228,255,Directed,2082,,,5
228,257,Directed,2083,,,4
228,145,Directed,2084,,,2
229,226,Directed,2085,,,3
229,123,Directed,2086,,,1
229,137,Directed,2087,,,2
229,228,Directed,2088,,,6
229,255,Directed,2089,,,1
229,257,Directed,2090,,,5
229,145,Directed,2091,,,2
230,151,Directed,2092,,,1
230,154,Directed,2093,,,1
230,219,Directed,2094,,,4
230,200,Directed,2095,,,1
230,197,Directed,2096,,,9
230,189,Directed,2097,,,22
230,231,Directed,2098,,,7
230,44,Directed,2099,,,22
231,44,Directed,2100,,,25
232,155,Directed,2101,,,1
232,219,Directed,2102,,,1
232,233,Directed,2103,,,4
232,197,Directed,2104,,,1
232,189,Directed,2105,,,9
232,231,Directed,2106,,,22
232,234,Directed,2107,,,7
232,44,Directed,2108,,,22
233,161,Directed,2109,,,2
233,189,Directed,2110,,,1
233,231,Directed,2111,,,1
233,44,Directed,2112,,,29
234,44,Directed,2113,,,25
235,211,Directed,2114,,,3
235,85,Directed,2115,,,2
235,77,Directed,2116,,,1
236,36,Directed,2117,,,1
236,212,Directed,2118,,,3
236,89,Directed,2119,,,1
236,74,Directed,2120,,,1
236,77,Directed,2121,,,1
237,219,Directed,2122,,,19
237,233,Directed,2123,,,1
237,178,Directed,2124,,,1
237,238,Directed,2125,,,1
237,197,Directed,2126,,,6
237,189,Directed,2127,,,4
237,44,Directed,2128,,,23
238,233,Directed,2129,,,4
238,142,Directed,2130,,,1
238,200,Directed,2131,,,1
238,231,Directed,2132,,,2
238,44,Directed,2133,,,2
238,44,Directed,2134,,,8
239,114,Directed,2135,,,1
239,216,Directed,2136,,,1
239,12,Directed,2137,,,2
239,2,Directed,2138,,,3
239,3,Directed,2139,,,1
239,129,Directed,2140,,,1
239,21,Directed,2141,,,1
239,90,Directed,2142,,,2
239,214,Directed,2143,,,1
240,95,Directed,2144,,,5
240,58,Directed,2145,,,1
240,27,Directed,2146,,,1
240,172,Directed,2147,,,2
240,23,Directed,2148,,,1
240,88,Directed,2149,,,1
241,16,Directed,2150,,,1
241,1,Directed,2151,,,2
241,12,Directed,2152,,,2
241,84,Directed,2153,,,5
241,86,Directed,2154,,,4
241,137,Directed,2155,,,3
241,24,Directed,2156,,,2
241,36,Directed,2157,,,1
242,190,Directed,2158,,,1
243,190,Directed,2159,,,1
244,202,Directed,2160,,,1
244,199,Directed,2161,,,1
244,195,Directed,2162,,,1
244,193,Directed,2163,,,2
244,245,Directed,2164,,,1
244,283,Directed,2165,,,1
244,44,Directed,2166,,,10
245,187,Directed,2167,,,1
245,219,Directed,2168,,,2
245,233,Directed,2169,,,4
245,275,Directed,2170,,,4
245,276,Directed,2171,,,10
245,142,Directed,2172,,,1
245,148,Directed,2173,,,3
245,252,Directed,2174,,,1
245,282,Directed,2175,,,2
245,238,Directed,2176,,,1
245,283,Directed,2177,,,1
245,200,Directed,2178,,,1
245,197,Directed,2179,,,1
245,189,Directed,2180,,,1
245,231,Directed,2181,,,2
245,234,Directed,2182,,,4
245,269,Directed,2183,,,3
245,271,Directed,2184,,,5
245,44,Directed,2185,,,8
246,277,Directed,2186,,,8
246,175,Directed,2187,,,1
246,273,Directed,2188,,,3
246,268,Directed,2189,,,2
246,44,Directed,2190,,,30
247,12,Directed,2191,,,27
247,137,Directed,2192,,,3
247,172,Directed,2193,,,28
247,248,Directed,2194,,,1
247,190,Directed,2195,,,1
248,2,Directed,2196,,,27
248,137,Directed,2197,,,3
248,125,Directed,2198,,,28
248,247,Directed,2199,,,1
248,190,Directed,2200,,,1
249,44,Directed,2201,,,8
250,167,Directed,2202,,,1
250,97,Directed,2203,,,1
250,204,Directed,2204,,,1
250,44,Directed,2205,,,1
251,97,Directed,2206,,,1
251,44,Directed,2207,,,1
252,190,Directed,2208,,,1
253,152,Directed,2209,,,1
253,153,Directed,2210,,,1
253,97,Directed,2211,,,4
253,249,Directed,2212,,,22
253,227,Directed,2213,,,7
253,273,Directed,2214,,,1
253,268,Directed,2215,,,9
253,44,Directed,2216,,,22
254,97,Directed,2217,,,15
254,177,Directed,2218,,,1
254,44,Directed,2219,,,18
255,12,Directed,2220,,,9
255,2,Directed,2221,,,6
255,117,Directed,2222,,,1
255,257,Directed,2223,,,1
255,125,Directed,2224,,,13
255,177,Directed,2225,,,2
256,12,Directed,2226,,,1
256,117,Directed,2227,,,1
256,98,Directed,2228,,,1
256,125,Directed,2229,,,1
256,252,Directed,2230,,,3
256,220,Directed,2231,,,1
256,177,Directed,2232,,,1
257,12,Directed,2233,,,7
257,2,Directed,2234,,,7
257,117,Directed,2235,,,1
257,118,Directed,2236,,,1
257,255,Directed,2237,,,1
257,125,Directed,2238,,,6
257,172,Directed,2239,,,3
257,177,Directed,2240,,,1
258,12,Directed,2241,,,1
258,137,Directed,2242,,,5
258,170,Directed,2243,,,1
258,125,Directed,2244,,,2
258,177,Directed,2245,,,1
259,123,Directed,2246,,,1
259,167,Directed,2247,,,6
259,137,Directed,2248,,,7
259,184,Directed,2249,,,1
259,258,Directed,2250,,,1
259,172,Directed,2251,,,8
259,177,Directed,2252,,,1
260,191,Directed,2253,,,2
261,12,Directed,2254,,,5
261,117,Directed,2255,,,4
261,137,Directed,2256,,,5
261,142,Directed,2257,,,2
261,185,Directed,2258,,,5
261,172,Directed,2259,,,1
262,233,Directed,2260,,,15
262,44,Directed,2261,,,18
263,233,Directed,2262,,,6
263,275,Directed,2263,,,15
263,44,Directed,2264,,,18
264,275,Directed,2265,,,15
264,44,Directed,2266,,,18
265,275,Directed,2267,,,6
265,276,Directed,2268,,,15
265,44,Directed,2269,,,18
266,276,Directed,2270,,,15
266,44,Directed,2271,,,18
267,276,Directed,2272,,,6
267,277,Directed,2273,,,15
267,44,Directed,2274,,,18
268,44,Directed,2275,,,25
269,44,Directed,2276,,,25
270,269,Directed,2277,,,2
270,271,Directed,2278,,,16
270,44,Directed,2279,,,15
271,44,Directed,2280,,,25
272,164,Directed,2281,,,1
272,271,Directed,2282,,,2
272,273,Directed,2283,,,16
272,44,Directed,2284,,,15
273,44,Directed,2285,,,25
274,273,Directed,2286,,,2
274,268,Directed,2287,,,16
274,44,Directed,2288,,,15
275,162,Directed,2289,,,2
275,234,Directed,2290,,,1
275,269,Directed,2291,,,1
275,44,Directed,2292,,,29
276,164,Directed,2293,,,2
276,271,Directed,2294,,,1
276,273,Directed,2295,,,1
276,44,Directed,2296,,,29
277,165,Directed,2297,,,2
277,249,Directed,2298,,,1
277,268,Directed,2299,,,1
277,44,Directed,2300,,,29
278,274,Directed,2301,,,1
278,277,Directed,2302,,,4
278,97,Directed,2303,,,9
278,269,Directed,2304,,,1
278,271,Directed,2305,,,9
278,273,Directed,2306,,,22
278,268,Directed,2307,,,7
278,44,Directed,2308,,,22
279,276,Directed,2309,,,8
279,246,Directed,2310,,,1
279,44,Directed,2311,,,10
280,277,Directed,2312,,,6
280,97,Directed,2313,,,15
280,44,Directed,2314,,,18
281,277,Directed,2315,,,15
281,44,Directed,2316,,,18
282,219,Directed,2317,,,1
282,142,Directed,2318,,,1
282,238,Directed,2319,,,1
282,200,Directed,2320,,,1
282,44,Directed,2321,,,2
282,44,Directed,2322,,,2
283,202,Directed,2323,,,1
283,199,Directed,2324,,,1
283,276,Directed,2325,,,2
283,195,Directed,2326,,,2
283,193,Directed,2327,,,2
283,244,Directed,2328,,,2
283,44,Directed,2329,,,8
284,187,Directed,2330,,,1
284,233,Directed,2331,,,1
284,275,Directed,2332,,,1
284,276,Directed,2333,,,1
284,277,Directed,2334,,,1
284,142,Directed,2335,,,1
284,145,Directed,2336,,,1
284,244,Directed,2337,,,1
284,249,Directed,2338,,,1
284,227,Directed,2339,,,1
284,221,Directed,2340,,,1
284,183,Directed,2341,,,1
284,271,Directed,2342,,,1
284,273,Directed,2343,,,1
284,268,Directed,2344,,,1
284,44,Directed,2345,,,1
284,44,Directed,2346,,,10
285,44,Directed,2347,,,1
286,44,Directed,2348,,,1
287,44,Directed,2349,,,1
288,44,Directed,2350,,,1
289,44,Directed,2351,,,1
290,44,Directed,2352,,,1
291,44,Directed,2353,,,1
292,44,Directed,2354,,,1
293,44,Directed,2355,,,1
294,44,Directed,2356,,,1
295,190,Directed,2357,,,1
296,190,Directed,2358,,,1
